infracaoId,205075,205269,205505,205551,205662,205750,205891,206148,206280,206693,206706,206718,206764,206770,206841,206872,206905,206937,207077,207238,207259,207468,207561,207633,207758,207967,208011,208043,208480,208485,208511,208596,208622,208624,208657,208776,208777,209136,209176,209266,209385,209491,209506,222031,222044,222053,222054,222078,222079,232847
205075,0.490230189493095,0.4565211324108337,0.4905029397534235,0.40442421285598484,0.4261872233549947,0.4879842013475589,0.34852187817566815,0.34749810681190085,0.33499299912634395,0.29742313154846006,0.22389198802256943,0.31072929368594404,0.19976671315230873,0.13770010339924033,0.14294405165665883,0.17814371245492258,0.26493752045678925,0.25493487752032395,0.43525907126692354,0.16105490233209785,0.015340916708084133,0.38237217907940524,0.08976014310476045,0.09189181156938733,0.2368906004948885,0.189127443972918,0.17017952017892943,0.23679204546102267,0.37406466086321294,0.43687622643866125,0.41444396647925175,0.20485539208443135,0.33458238384285416,0.3383990562476451,0.3832225032660445,0.12919546421924616,0.35921712615427803,0.15299054903918066,0.15423224245865513,0.3741040416507112,0.4179376863559021,0.47213432674715555,0.31219695634764866,0.27283218763626904,0.18146790939294308,0.09513861058804626,0.14107404892120645,0.49694447789385593,0.34515864828267806,0.49937983708338496
205269,0.45652113241083375,0.5288276869965431,0.559470027117308,0.47174401665273447,0.4871745970898675,0.5650976696201372,0.36887361854144857,0.3843280305027251,0.35056298094011196,0.32899331901770335,0.290562876432401,0.3687351162476372,0.21929008887183674,0.1622567291432598,0.17369074760317008,0.1860299987709987,0.31684054144427487,0.27377908857269595,0.48379925344976316,0.18021949363236017,-0.01648489951712847,0.41278668008172575,0.09923018563678916,0.11425476995842405,0.28653299401146326,0.22395255669228253,0.16954118565714885,0.287608283452513,0.4204060084389143,0.4965895722055978,0.4401930423020105,0.1939031415277969,0.37138831138964257,0.37290540039132675,0.4159568064951631,0.1525631932185214,0.3936119464546836,0.23354083931732417,0.18324749785357802,0.4141999665456011,0.49219757283899535,0.5518977401716825,0.3544564780186844,0.3006663801009767,0.19439600877102287,0.16091837043297041,0.21030260378109714,0.5738075889693182,0.38110343140307673,0.563865461681709
205505,0.4905029397534234,0.559470027117308,0.6726586214311616,0.5330196304903129,0.5594698402655633,0.6612593208310888,0.4281101985828434,0.4402600245081859,0.4013584664171373,0.3891831001188263,0.2994808636147206,0.43112618973480454,0.2534646397116571,0.19030817904868366,0.19445568740368227,0.19008939976967443,0.3602485296858167,0.2974112778884757,0.547966594826953,0.1752285311358022,-0.006892939935906649,0.481145071885085,0.10141086399906803,0.13658555956180812,0.3063090744904169,0.232657469878273,0.20240144769639365,0.3065345487258656,0.457202219724561,0.5478355489366947,0.4967310310220556,0.22761333375902967,0.4170379104775391,0.4171237765279104,0.46361673877561815,0.20088608645104328,0.4393599519535152,0.26150213803489286,0.24051879004594623,0.4855311634488704,0.5432187394940869,0.6001342937623708,0.39971524895334176,0.34061117848848754,0.2514834880480377,0.19372495326828032,0.2484115737522678,0.6733611977960491,0.42436323091328826,0.626950346063707
205551,0.4044242128559849,0.4717440166527345,0.5330196304903129,0.49850496197016375,0.45193448792002083,0.5293345507437915,0.34683221111930157,0.3439463386484146,0.34107530304121786,0.3422659620589012,0.25603122619234164,0.37655944966503563,0.217967691353658,0.14540482301659197,0.16633238340832907,0.15939636445148486,0.30649132345074404,0.2426808567075356,0.4504324523451556,0.16954061830383405,-0.0006397785831463575,0.3941650730291318,0.05914807976735606,0.10454317994233636,0.25881384785004463,0.21051255495241428,0.17147377500940378,0.25631691490867153,0.37935406466764127,0.4532785740599803,0.40340179882987476,0.1707098547852484,0.3338721284700639,0.33399759580515087,0.37864870053039845,0.1101261222002668,0.37990958322089785,0.22765924264765644,0.1551971773197787,0.40454311626610556,0.44877342319752267,0.4961741667537458,0.32189228476353393,0.26920963263442205,0.1739332567901621,0.16023302501800832,0.20877442088583625,0.5380868301250791,0.35961787429377323,0.5221559527496249
205662,0.42618722335499454,0.48717459708986777,0.5594698402655633,0.45193448792002106,0.53937120736408,0.5630228257211394,0.3653751428200765,0.38181800287908835,0.33302793345922116,0.35259868626995844,0.29298397974179147,0.36913420324737456,0.19535227251042636,0.17487377109047075,0.17501896772244382,0.1501117808335831,0.3131092711390014,0.2571253588007947,0.4646885112844833,0.14640037624873442,-0.02643243937879335,0.40691401439838526,0.05996258514059376,0.09949852328056612,0.25103643187038077,0.20621692110126943,0.16375155730333318,0.25225880978482684,0.40714534382659695,0.4880016486051993,0.4351758567367848,0.1616197597158827,0.36032472975169727,0.35795054791013453,0.4158193970476062,0.22704559010505757,0.3816226419850748,0.21839908680884249,0.23631300968549923,0.4248901798237126,0.475875678279023,0.5267480333116603,0.34574514235182763,0.27578948982256446,0.1957580847702981,0.1649184998827147,0.205021984628398,0.584918390109244,0.3649029623735987,0.5473365929024366
205750,0.48798420134755893,0.5650976696201374,0.6612593208310888,0.5293345507437913,0.5630228257211392,0.6710334277450012,0.4210184539321854,0.4310047812528581,0.3942802013630874,0.36903790976464534,0.28839188656425085,0.4266252707121856,0.2454415291796193,0.19129557635895075,0.19836564028395176,0.18903947484987682,0.35625536188128987,0.30474373511127995,0.5445248965827258,0.1887062195881807,-0.011490158158946466,0.4735409499458437,0.09540574950524607,0.12867568804363932,0.3151731376683075,0.24026225688807043,0.18801077297901092,0.31611001934180927,0.46269353877043906,0.5531954560823377,0.5047326567933625,0.21158444923048697,0.4093936905022885,0.4095495097407812,0.47456623391180114,0.18847027502578767,0.45638103452890555,0.27459762165626944,0.24941735459511016,0.483419045071931,0.5477154377372169,0.605749861715281,0.40113997694289827,0.33124110946151947,0.25275388364459167,0.1948928604113605,0.2522519573157197,0.6742033231343656,0.4272209490489587,0.6365061820991567
205891,0.348521878175668,0.3688736185414485,0.4281101985828433,0.34683221111930146,0.3653751428200765,0.42101845393218545,0.3747198499017517,0.27925979660644634,0.28207057305562483,0.2566588618792362,0.24077766889591756,0.2569210261139786,0.20519442741375535,0.12833916507182788,0.14372336096600727,0.1887518454037935,0.25508757202635757,0.2039308599072108,0.36562056263180137,0.14185913322209096,-0.009817683377436512,0.3655530090914474,0.054951280499416943,0.08285890071448869,0.20714028626112238,0.19328555330840938,0.14417510774272244,0.20481572629731323,0.3274786927534717,0.39359953738434394,0.3563141619613292,0.17344309287503754,0.28710595877474065,0.29175777069762804,0.33107855508304324,0.1234969690605139,0.3050179169029858,0.20933122404266868,0.1507871598845895,0.32384155220928784,0.3411856935240684,0.3844561161927047,0.253559949580157,0.22579577304556922,0.16246027829343104,0.12988879583440927,0.16155513260325963,0.43819464633546906,0.29908018791847885,0.42756082858666195
206148,0.34749810681190096,0.38432803050272507,0.44026002450818585,0.3439463386484147,0.3818180028790885,0.4310047812528582,0.27925979660644634,0.4916949143856377,0.2637946786059116,0.23881397776712332,0.2757022510652025,0.2622356153954727,0.12454661520321064,0.16205636687214578,0.15700506785731708,0.09736424937825715,0.24840295510811827,0.2255175174128048,0.3757922646047727,0.11707607618501693,0.011713755819508257,0.32359769984783093,0.1499514229272333,0.14614737028417496,0.18597805692254263,0.15833765299410305,0.11766484554319755,0.18964791493180977,0.32323280526380005,0.37392502570865527,0.32598238617740266,0.19113424803076873,0.27916491148097394,0.27851874644401287,0.30119265146830204,0.3528796814456325,0.33636617695857335,0.24433319347439278,0.3063046908606047,0.2993980563687147,0.3819478501271292,0.41603864903421117,0.3026883351213631,0.23048277703256,0.20580968670041558,0.16433990869694814,0.2010048711724053,0.44824126566436145,0.30528550656962716,0.4265172753219211
206280,0.334992999126344,0.3505629809401122,0.40135846641713724,0.34107530304121797,0.3330279334592211,0.3942802013630872,0.28207057305562483,0.2637946786059116,0.3138095251232513,0.21866072970658315,0.1522098254382581,0.286151429810888,0.14954610434638077,0.11337593916004918,0.1141344688833462,0.13432183959463626,0.21483520991427862,0.19035225207102813,0.3432948831541208,0.14975025251219726,-0.007164368374879469,0.3208587643172342,0.050490628397177106,0.07554402512970097,0.17707145311708894,0.15060842969858057,0.16333427844908108,0.17811565039331384,0.28792455046993937,0.3466607556513143,0.3295408260931366,0.15090159653437585,0.25269071717987684,0.25599088182662905,0.2947641861025286,0.06615094761648674,0.289097175968762,0.13333769726078049,0.08066115734293149,0.327056658988151,0.33419510536949776,0.36899312295608294,0.25402631857199465,0.22006824676747236,0.1580503742099003,0.08361259248879302,0.11610363290873497,0.40620519529049004,0.281038421833548,0.4042666001437642
206693,0.29742313154846006,0.32899331901770346,0.3891831001188265,0.3422659620589013,0.3525986862699584,0.36903790976464546,0.2566588618792362,0.23881397776712332,0.21866072970658304,0.37732741968379374,0.23534235462766054,0.26961244763017295,0.16618081813725696,0.10277591142791116,0.10814764417650341,0.11664702988476273,0.2420061415800574,0.1461467947384537,0.3233504424332566,0.08118300825256708,0.014254770065738056,0.2644270358627308,0.05705177612246655,0.07716082544854887,0.15902453005336756,0.13397971840020084,0.11098467266210443,0.15569598744187782,0.27681044050604026,0.3294668189489551,0.2727724570736589,0.11437470407006463,0.26089611360110304,0.2561179456375365,0.27425240276247403,0.07021809507536311,0.2304058530283565,0.09404005207717842,0.08959066825278073,0.28345142312660054,0.3191723223061938,0.3489987119801298,0.23036994786330015,0.20498148863932208,0.1245035712846096,0.09529927024328573,0.12925152549957036,0.389815620422292,0.2549701187532483,0.3687934708230221
206706,0.22389198802256943,0.290562876432401,0.2994808636147206,0.25603122619234164,0.29298397974179147,0.28839188656425085,0.24077766889591756,0.2757022510652025,0.1522098254382581,0.23534235462766054,1.0000000000000002,0.14480784255880857,0.07980045816726805,0.07566966133886587,0.16286910794444207,0.13977993955631132,0.2649955909738071,0.20277540688723525,0.33367518213339875,0.0967044459920397,-0.01144265701781677,0.2921471918763369,0.17019675525969027,0.034004384961229976,0.16852248768725595,0.13741689357326892,0.051354136702482754,0.168270774441721,0.34969575800272595,0.3867937676480591,0.3582916030898738,0.1515004740660899,0.24341180219352002,0.2309460269785674,0.32383841363604987,0.32978467517295407,0.25950216354371985,0.24860956255184952,0.3599721451055555,0.22016132194179927,0.27505572931735395,0.30565803114577716,0.20228673649468157,0.1260744399292005,0.09477192210982738,0.27903048674955233,0.2784943121310568,0.341893095825206,0.2291758973339263,0.37385445123459893
206718,0.310729293685944,0.36873511624763733,0.4311261897348047,0.37655944966503563,0.36913420324737484,0.42662527071218553,0.2569210261139785,0.26223561539547263,0.2861514298108879,0.269612447630173,0.14480784255880857,0.35473103782909754,0.17068961784166511,0.1181375656557238,0.12389722733135763,0.11148024142432818,0.23189062336814276,0.1862261536726991,0.36299067097840726,0.13995212792991008,0.00710204037167156,0.30960272890623086,0.05013484135895739,0.09691312147830053,0.1920733505822697,0.15719388423666064,0.14040338871405628,0.19481242486733233,0.28968764144173714,0.3506863303175536,0.3160763893100469,0.11285131835910361,0.2797997922581722,0.27888520088355084,0.29420623682134694,0.050112471706441925,0.2877323370377071,0.14850021494450727,0.09476680852523647,0.3483081483648801,0.3606155141445199,0.3924030579950664,0.2613396510287038,0.23174676127083804,0.12218742651156322,0.12472440300048664,0.1566795456125657,0.4350134848810291,0.29065070919632235,0.41627926497260836
206764,0.1997667131523088,0.2192900888718367,0.25346463971165717,0.21796769135365804,0.1953522725104264,0.24544152917961928,0.20519442741375532,0.12454661520321068,0.14954610434638083,0.166180818137257,0.07980045816726805,0.17068961784166514,0.26283902621216915,0.05591454353499829,0.08297852409642331,0.11648190653651777,0.15873427021148534,0.11837267117388017,0.22330800777400084,0.08358116688628094,-0.0057716487907521034,0.22485632834555247,0.05164562229349096,0.07877054444523932,0.13346348005811512,0.1084294659824958,0.07621603535358955,0.1292960000937546,0.17255361242913397,0.20058296943648912,0.1662757262176774,0.07422458126129053,0.19743698793030323,0.20173992295404453,0.19547739649425017,0.018269721542869485,0.1477672380234233,0.15247646973843823,0.05580736373156482,0.18071502299443146,0.2086219656752753,0.23224233632283406,0.13729940759601028,0.14355578435992908,0.039923560569178874,0.11123543445420836,0.14284621638444703,0.2484551608871339,0.19466651119885864,0.22946538400681932
206770,0.13770010339924033,0.1622567291432598,0.1903081790486837,0.14540482301659194,0.17487377109047075,0.19129557635895078,0.12833916507182788,0.16205636687214578,0.11337593916004918,0.10277591142791116,0.07566966133886587,0.1181375656557238,0.0559145435349983,0.10402301159552767,0.06897405519124349,0.043504014802600195,0.09741488722773772,0.10460274038903827,0.16878258756633693,0.06797281542307311,-0.004920630071653936,0.14333055243683307,0.0029509246460105824,0.06567904633794584,0.08543621050456392,0.07736031959182971,0.06864847509097767,0.08569636555641662,0.13519390893943214,0.16393768805239078,0.14969037637298052,0.0905056215491772,0.11744329319423497,0.11912354940663428,0.13578933098239274,0.1305192417548849,0.14544616108203687,0.09519859369996042,0.09922570311508037,0.13497514487718915,0.16356143898983236,0.17907615486482387,0.11818387348543001,0.09171263132175549,0.09434815370470488,0.06492308205636955,0.08027847271175183,0.20047820595208066,0.140318803373718,0.18927703591281667
206841,0.14294405165665883,0.17369074760317013,0.19445568740368233,0.166332383408329,0.1750189677224438,0.1983656402839518,0.14372336096600724,0.15700506785731708,0.11413446888334625,0.1081476441765034,0.16286910794444207,0.1238972273313576,0.08297852409642334,0.06897405519124354,0.11173666110976559,0.07180926716673497,0.14966787738768259,0.11577284012825421,0.18828974835501866,0.08336127450240285,0.008373680761867635,0.1581714508537291,0.055964943985505194,0.0729826867704344,0.14565904633389873,0.11358418790222169,0.04604611636116776,0.14557829434916297,0.15107824746535214,0.17589993412641136,0.15640083529223453,0.059365193670163297,0.13046497356034445,0.13078598871176192,0.15753820619427938,0.16620406270391275,0.1569189341879497,0.16757262561339722,0.16225372476018074,0.1468763268952584,0.1693358201697386,0.18474119898410235,0.1264567642491953,0.10764439271995097,0.06451256237368394,0.14988517750292438,0.16630377290470974,0.2159929741010964,0.14579831184761816,0.2052346072619453
206872,0.17814371245492258,0.18602999877099866,0.19008939976967437,0.1593963644514848,0.15011178083358323,0.18903947484987688,0.18875184540379342,0.09736424937825716,0.13432183959463634,0.11664702988476275,0.13977993955631132,0.11148024142432819,0.11648190653651776,0.043504014802600195,0.07180926716673497,0.1700590691269904,0.12984177442226383,0.10404848166829458,0.17789223744305876,0.0734750635052832,-0.008236245641776267,0.1753665994292709,0.0418469073705553,0.03491450307468506,0.15196101016666336,0.11670543935493465,0.05785952975060847,0.15134665418737708,0.16718491042995967,0.1960224106810854,0.1711612594975886,0.06430736127633575,0.13633669474347415,0.13807490944291084,0.1546906292874686,-0.022879989580296713,0.11859715027207676,0.10911938751876095,0.02020240653621533,0.1469604133680361,0.16091481533132287,0.18330963851260254,0.11436549860577694,0.119721317553273,0.04047301953389586,0.0794398246056395,0.09637418005052828,0.19572922516214586,0.13851539674132465,0.21044361382178986
206905,0.26493752045678864,0.3168405414442753,0.3602485296858169,0.30649132345074453,0.31310927113900155,0.35625536188129064,0.2550875720263572,0.2484029551081176,0.2148352099142788,0.2420061415800575,0.2649955909738071,0.23189062336814298,0.1587342702114856,0.09741488722773756,0.14966787738768242,0.1298417744222637,0.263844918925866,0.1732426529867507,0.32030325744045746,0.10765576497305702,0.01066693238328489,0.27771508476992873,0.10008765796617185,0.09647000076519936,0.2187900887374538,0.17859499714065338,0.09402742323137649,0.21851187396522143,0.2806724556701247,0.32894442433789567,0.28008599711651844,0.11568184766659204,0.24232720616844136,0.24084622032390887,0.28351453405883414,0.180023390410063,0.2525670756918071,0.20812322261591382,0.18780597428927281,0.26479764653800375,0.3072040454324845,0.33787057815456933,0.2231476676734695,0.19228653455964906,0.130398452438861,0.18256067674486673,0.21484251678765076,0.3783912583550741,0.2518500407883169,0.3677271025199654
206937,0.25493487752032395,0.27377908857269595,0.29741127788847566,0.24268085670753567,0.2571253588007945,0.30474373511128,0.2039308599072108,0.2255175174128048,0.1903522520710281,0.14614679473845374,0.20277540688723525,0.18622615367269912,0.11837267117388016,0.10460274038903829,0.11577284012825417,0.10404848166829457,0.1732426529867507,0.20737690913138276,0.29535501042503814,0.11845635551526887,0.014499716736633358,0.23629727936337125,0.049064754420182044,0.064422038421607,0.17391435894125878,0.1407546352851935,0.08298331825646205,0.17473518289984546,0.24128312945497335,0.2809574459953058,0.2644007348697457,0.10254957234842249,0.19887886660001175,0.20075593787847246,0.24803115719743604,0.14542599876935094,0.2489700733436774,0.15579979421534207,0.17606070185440836,0.23084312968284249,0.2585314864787079,0.2968461848725627,0.19692049514925264,0.1482541737931208,0.13143165462211548,0.1344526673048322,0.16512571634913698,0.3206029615723624,0.22813025152682884,0.32666769536901596
207077,0.43525907126692354,0.4837992534497631,0.5479665948269529,0.45043245234515566,0.46468851128448313,0.544524896582726,0.3656205626318012,0.37579226460477283,0.34329488315412093,0.3233504424332567,0.33367518213339875,0.36299067097840737,0.22330800777400076,0.1687825875663369,0.18828974835501863,0.17789223744305882,0.32030325744045823,0.2953550104250382,0.536964102118053,0.16736660934273642,0.003763019451645342,0.418935282454925,0.10748492731929737,0.11026807588392844,0.29127871216056567,0.2260106305472807,0.1670166861425943,0.29093786019222995,0.41697920448776093,0.48865879563957293,0.45171148291835755,0.180402245300131,0.3630293669320559,0.3634602056448936,0.4271413415632807,0.19638277512508107,0.40840374663086393,0.2331090578121571,0.23911351448624446,0.42238358086938754,0.4603482777133785,0.5177832501941534,0.34145617048126553,0.3028803237205996,0.20556816839126293,0.19517688401318112,0.24401073679449534,0.5690688396580407,0.3764243844967754,0.5593630399650538
207238,0.16105490233209782,0.18021949363236028,0.17522853113580222,0.169540618303834,0.1464003762487343,0.18870621958818073,0.141859133222091,0.11707607618501695,0.14975025251219715,0.08118300825256708,0.0967044459920397,0.13995212792991005,0.08358116688628095,0.0679728154230731,0.08336127450240281,0.07347506350528317,0.10765576497305682,0.11845635551526887,0.16736660934273645,0.19284762708565883,-0.013476524214939205,0.16360962302649412,-0.0032645027426745827,0.058924856937943026,0.11971441371470437,0.09610877087574168,0.07162311016193514,0.1182351890009989,0.14468469532672557,0.16878254328125447,0.17228873684090382,0.05697223338799303,0.12972566059889024,0.13463396147872153,0.15978174797385397,0.05935789368411125,0.17030457480386602,0.10527701748456168,0.06561058424219748,0.16238034742703958,0.16185794881004528,0.17906689308045734,0.11481910532898783,0.1093550383356702,0.06475150707701773,0.11932252327588797,0.13724092192688817,0.1996887589552442,0.15758079176810896,0.21650569506143108
207259,0.015340916708084157,-0.016484899517128504,-0.006892939935906672,-0.000639778583146372,-0.026432439378793443,-0.011490158158946454,-0.00981768337743652,0.011713755819508266,-0.007164368374879548,0.01425477006573804,-0.01144265701781677,0.007102040371671586,-0.005771648790752114,-0.004920630071653925,0.008373680761867636,-0.00823624564177626,0.010666932383284991,0.014499716736633347,0.0037630194516453386,-0.013476524214939199,0.20084998894727196,-0.017570529619787945,0.11373459980066017,0.021537850883162582,0.01719889525085613,0.01432516342662108,-0.01749136816226313,0.01628579248078618,-0.006202568614577783,-0.018447979568219378,-0.003776649828312481,0.015587664915183489,0.015616375551194717,0.015813811153644157,0.002343535556823914,0.049539124837363654,0.026706345980590893,0.0317662915554138,-0.015681041736933334,-0.010583483992530923,-0.02116564512799607,-0.026984857261517947,0.010465274931472993,-0.02937800159970421,0.011401086575894157,0.03728438429084291,0.028841132420770042,-0.008904817668652809,0.02160797391604434,-0.004783462630871996
207468,0.3823721790794054,0.4127866800817258,0.48114507188508493,0.39416507302913184,0.40691401439838537,0.4735409499458437,0.3655530090914475,0.32359769984783093,0.32085876431723426,0.26442703586273075,0.2921471918763369,0.3096027289062309,0.22485632834555247,0.1433305524368331,0.15817145085372913,0.17536659942927094,0.2777150847699291,0.23629727936337122,0.41893528245492506,0.16360962302649412,-0.017570529619787965,0.4230769861441012,0.07153080094404475,0.10073136017128662,0.2259334734085818,0.1979542052198315,0.17278593586245447,0.226525602908143,0.3640522414411357,0.4320062522316188,0.40048437305448786,0.18763878253653377,0.31640010053951223,0.3205164444479623,0.37224772548000695,0.19298082775455902,0.34077515382146223,0.24678523706161953,0.2113279570813504,0.3771939483046506,0.39537676858327414,0.43802933222918566,0.29464965551750355,0.2515786779117397,0.16961581202962783,0.16846164146241147,0.2033314837598515,0.4956875122637643,0.3344630396625107,0.4804493874520107
207561,0.08976014310476045,0.09923018563678918,0.10141086399906801,0.059148079767356074,0.05996258514059383,0.09540574950524608,0.05495128049941693,0.14995142292723332,0.05049062839717712,0.057051776122466556,0.17019675525969027,0.05013484135895738,0.05164562229349097,0.002950924646010586,0.05596494398550521,0.04184690737055529,0.10008765796617199,0.04906475442018205,0.10748492731929736,-0.0032645027426745827,0.11373459980066015,0.07153080094404475,0.38522883617406867,0.06655937622774866,0.09496145486933727,0.04252838310237472,-0.007141161008326388,0.09751019587952722,0.09476314054606055,0.08569867712441119,0.08148374732399406,0.035299494925598994,0.13890109198390022,0.1300457681090668,0.09253822550552407,0.1611992356397657,0.0977090686135463,0.13007960802158314,0.07285731227882637,0.03897609734571785,0.08893906768723478,0.08593817919433432,0.08678636869809916,0.040378437188792825,0.04451551695895813,0.09778326935232015,0.10000869693105813,0.1105098902395347,0.05569385247797826,0.10277994600070503
207633,0.09189181156938735,0.11425476995842405,0.13658555956180812,0.10454317994233635,0.09949852328056599,0.1286756880436393,0.08285890071448868,0.14614737028417496,0.07554402512970104,0.07716082544854888,0.034004384961229976,0.09691312147830058,0.07877054444523932,0.06567904633794584,0.07298268677043443,0.03491450307468507,0.09647000076519927,0.06442203842160699,0.11026807588392842,0.058924856937943026,0.021537850883162585,0.10073136017128662,0.06655937622774867,0.18581280528159952,0.08751736253871534,0.0609502845268562,0.03577425961536636,0.08916436119698291,0.06988146917522421,0.08303013527815842,0.0600478706323098,0.08069130824462777,0.10384595034025626,0.10469154588895845,0.061289574993818326,0.16798096001049642,0.0926474259703979,0.1416544320457733,0.12375687332975652,0.06714873751320018,0.11968335559976283,0.12388090336325694,0.08131779557672307,0.07629772966810612,0.057249883744952046,0.1292714499962601,0.14243627497557687,0.13628841481042037,0.1092517652424554,0.10907464958258488
207758,0.2368906004948885,0.2865329940114633,0.30630907449041667,0.25881384785004463,0.2510364318703808,0.3151731376683077,0.20714028626112244,0.18597805692254252,0.1770714531170889,0.15902453005336756,0.16852248768725595,0.19207335058226965,0.13346348005811517,0.08543621050456392,0.14565904633389878,0.1519610101666634,0.2187900887374537,0.17391435894125878,0.29127871216056567,0.11971441371470437,0.01719889525085616,0.22593347340858191,0.09496145486933728,0.08751736253871534,0.29867818764770016,0.17742090303584182,0.06599037382628965,0.29887354713506686,0.2419549527457773,0.27969708150987505,0.24887265506807382,0.06816023564712978,0.20793257499685908,0.21140314590514786,0.24654515560353638,0.1477900099916206,0.21804317799492165,0.2122247593726834,0.16062943272102728,0.22591586160499136,0.26244030521432055,0.2941329023282118,0.19357035041153464,0.18053570345468462,0.08468999731594035,0.17941481415147326,0.2110238850780452,0.3281577861899559,0.21220318135949967,0.3299322867070464
207967,0.18912744397291756,0.2239525566922829,0.23265746987827346,0.2105125549524147,0.20621692110126952,0.2402622568880715,0.1932855533084092,0.15833765299410194,0.1506084296985811,0.1339797184002015,0.13741689357326892,0.15719388423666114,0.10842946598249611,0.07736031959182935,0.11358418790222131,0.11670543935493441,0.17859499714065383,0.14075463528519347,0.22601063054727963,0.09610877087574195,0.014325163426621027,0.19795420521983126,0.042528383102374945,0.06095028452685641,0.17742090303584124,0.17822303195817576,0.06569421433919974,0.17742787566393156,0.196051904253309,0.23076305322045038,0.19669986339190393,0.06662905760687057,0.1572623791399758,0.15843648850822598,0.19260224770355802,0.08978403323561557,0.1829213952977412,0.16998968002109613,0.10266034789316204,0.18380870151191142,0.21023184195011577,0.23702931576612946,0.15423508335321795,0.12394733472230163,0.07539342817212132,0.11384150275466562,0.1387811187557332,0.2525166519509055,0.18404796667604284,0.25884122559081
208011,0.17017952017892948,0.16954118565714882,0.20240144769639368,0.17147377500940372,0.16375155730333316,0.18801077297901095,0.14417510774272238,0.11766484554319755,0.163334278449081,0.11098467266210438,0.051354136702482754,0.1404033887140563,0.07621603535358958,0.06864847509097767,0.046046116361167795,0.05785952975060845,0.0940274232313764,0.08298331825646205,0.16701668614259424,0.07162311016193516,-0.017491368162263123,0.17278593586245447,-0.007141161008326389,0.035774259615366365,0.06599037382628965,0.0656942143391996,0.162573169441682,0.06576543493737795,0.14359184602291442,0.17113893334504138,0.16272654831927041,0.09754571025997187,0.11423390685522261,0.11684203790180077,0.1296226647454777,0.06478301332073089,0.13025217949242904,0.05629471278639009,0.021170929065501998,0.1646515666067294,0.16502379387629215,0.1778025874768371,0.12181329758082637,0.11532924399163486,0.06171476891644797,0.018623832240925103,0.027464731409089935,0.19587601897441984,0.13439905787460493,0.19161331140339866
208043,0.23679204546102264,0.287608283452513,0.3065345487258656,0.2563169149086714,0.25225880978482673,0.3161100193418093,0.20481572629731318,0.1896479149318098,0.1781156503933139,0.15569598744187785,0.168270774441721,0.19481242486733238,0.1292960000937546,0.08569636555641662,0.1455782943491629,0.15134665418737708,0.21851187396522115,0.17473518289984546,0.2909378601922299,0.11823518900099894,0.016285792480786192,0.22652560290814305,0.09751019587952726,0.08916436119698294,0.2988735471350668,0.17742787566393123,0.06576543493737798,0.3010608461813372,0.24125902223973392,0.2796048284961636,0.24851179752137262,0.0672876668810199,0.20622099874485522,0.20939819110950883,0.24576000064764655,0.1503579873154475,0.21839072702151102,0.21727576068119223,0.16755417147060347,0.22574154994279005,0.2646346889615211,0.2958028880565011,0.1970794904859592,0.18047198309952722,0.08145463174965006,0.1805953695448923,0.21147522750166456,0.32888484931274464,0.2129767572686969,0.33124479195264694
208480,0.374064660863213,0.42040600843891407,0.45720221972456115,0.3793540646676413,0.407145343826597,0.462693538770439,0.3274786927534717,0.32323280526380005,0.2879245504699392,0.27681044050604026,0.34969575800272595,0.28968764144173703,0.17255361242913392,0.1351939089394321,0.15107824746535217,0.16718491042995973,0.280672455670125,0.2412831294549734,0.4169792044877609,0.14468469532672557,-0.006202568614577778,0.36405224144113574,0.09476314054606055,0.06988146917522421,0.24195495274577736,0.1960519042533094,0.14359184602291442,0.2412590222397339,0.4140523168626421,0.4808083682789042,0.4188338928043869,0.16210493846368573,0.32255309387035686,0.3222470321051508,0.3910946662325118,0.17825606649205697,0.3505582782837833,0.19179054240090473,0.1882599385089426,0.35171144741302207,0.3982286921955966,0.4497476528712072,0.29139993138663844,0.2262054787145298,0.18928879320241923,0.14258184229302034,0.17996395359246647,0.4770685741917252,0.32637972908332835,0.5089045816987932
208485,0.4368762264386612,0.49658957220559774,0.5478355489366948,0.4532785740599803,0.48800164860519935,0.5531954560823378,0.3935995373843439,0.37392502570865527,0.34666075565131443,0.3294668189489551,0.3867937676480591,0.35068633031755364,0.2005829694364891,0.16393768805239076,0.17589993412641144,0.19602241068108542,0.3289444243378957,0.28095744599530587,0.48865879563957293,0.1687825432812545,-0.018447979568219395,0.432006252231619,0.08569867712441116,0.08303013527815845,0.279697081509875,0.23076305322045096,0.17113893334504138,0.2796048284961636,0.48080836827890433,0.5688552447530898,0.49130327121900996,0.19511074314679605,0.3771760356756235,0.376695592475958,0.4584092958185233,0.1904485915469895,0.4116581533398189,0.214534865770003,0.210778605757368,0.42283950940608866,0.47137719734508415,0.5333029840100889,0.34487770750106045,0.2696915812835472,0.224770483356562,0.15621530797459257,0.20146161875606952,0.5697592067970189,0.3863717056366258,0.6017044779680953
208511,0.4144439664792517,0.4401930423020104,0.4967310310220555,0.4034017988298747,0.43517585673678494,0.5047326567933624,0.3563141619613292,0.32598238617740255,0.3295408260931366,0.2727724570736589,0.3582916030898738,0.3160763893100469,0.1662757262176774,0.14969037637298055,0.15640083529223453,0.17116125949758865,0.2800859971165186,0.26440073486974563,0.4517114829183575,0.17228873684090384,-0.0037766498283124733,0.40048437305448786,0.08148374732399409,0.06004787063230976,0.24887265506807388,0.19669986339190373,0.16272654831927044,0.24851179752137265,0.4188338928043868,0.4913032712190101,0.4804960853982689,0.18598925991885956,0.3357113767961503,0.33747764152239934,0.42529321591341696,0.13730754030606804,0.3960162918527513,0.17812007118317294,0.18123598421850065,0.39367148021933346,0.4126144041758666,0.46669108028766615,0.3103571064075428,0.24076802038548312,0.20387397141509658,0.13470227189619755,0.17275718133250267,0.5197541566019664,0.3471223997455522,0.5432763183663367
208596,0.20485539208443138,0.19390314152779686,0.22761333375902976,0.1707098547852484,0.16161975971588272,0.21158444923048705,0.17344309287503756,0.19113424803076873,0.1509015965343759,0.11437470407006463,0.1515004740660899,0.11285131835910364,0.07422458126129054,0.0905056215491772,0.05936519367016327,0.06430736127633574,0.115681847666592,0.10254957234842248,0.18040224530013096,0.056972233387993024,0.015587664915183501,0.1876387825365338,0.03529949492559898,0.08069130824462777,0.06816023564712975,0.06662905760687012,0.09754571025997186,0.0672876668810199,0.1621049384636857,0.1951107431467961,0.1859892599188595,0.24277833322097064,0.1399451183673451,0.14342687542406993,0.1516799227153215,0.12080958234698462,0.17185448538306045,0.08475809616433257,0.08209392152430564,0.13549654211484305,0.18167427292163507,0.19559105015293288,0.11644075518286608,0.12433310528617847,0.13173003298576824,0.048986731287400116,0.06252754284425416,0.2126105138142558,0.173077774167052,0.20429479277731694
208622,0.3345823838428541,0.3713883113896427,0.41703791047753913,0.3338721284700639,0.3603247297516972,0.4093936905022886,0.2871059587747408,0.279164911480974,0.25269071717987684,0.26089611360110304,0.24341180219352002,0.27979979225817203,0.19743698793030326,0.11744329319423497,0.13046497356034437,0.13633669474347418,0.24232720616844158,0.19887886660001178,0.36302936693205595,0.12972566059889015,0.015616375551194743,0.31640010053951223,0.13890109198390022,0.10384595034025627,0.20793257499685905,0.15726237913997607,0.11423390685522254,0.2062209987448553,0.3225530938703569,0.37717603567562347,0.3357113767961503,0.1399451183673451,0.33207459897715613,0.33147500951835107,0.32341741719672623,0.13290770029750684,0.2926966970719109,0.1664567613842922,0.13083663651598154,0.3061704615375372,0.34773517573369195,0.3900597774442251,0.25387945057560873,0.22064431575726648,0.1524526310432669,0.1380534317752067,0.17035858881856802,0.42585280597003866,0.28628857550891357,0.42146939533480227
208624,0.33839905624764516,0.3729054003913267,0.41712377652791033,0.333997595805151,0.3579505479101346,0.4095495097407812,0.2917577706976281,0.27851874644401287,0.255990881826629,0.2561179456375365,0.2309460269785674,0.2788852008835508,0.2017399229540445,0.11912354940663429,0.13078598871176186,0.13807490944291084,0.24084622032390873,0.20075593787847246,0.3634602056448937,0.1346339614787215,0.015813811153644147,0.32051644444796223,0.13004576810906682,0.10469154588895842,0.2114031459051479,0.15843648850822628,0.11684203790180081,0.20939819110950894,0.3222470321051509,0.3766955924759581,0.3374776415223994,0.1434268754240699,0.331475009518351,0.33389562249602334,0.3244744387759427,0.13857977907206054,0.2938076228204207,0.16578239865994135,0.13588809457678455,0.3092646477076749,0.3457661500279095,0.3895002089033381,0.25428427786036994,0.22417720362867732,0.1528783719617351,0.13737982448316519,0.16934808236769858,0.4259530072034162,0.2899086364151641,0.4224951196306363
208657,0.3832225032660445,0.4159568064951631,0.4636167387756182,0.3786487005303985,0.4158193970476061,0.47456623391180114,0.3310785550830433,0.301192651468302,0.29476418610252847,0.2742524027624741,0.32383841363604987,0.294206236821347,0.19547739649425017,0.13578933098239274,0.15753820619427936,0.15469062928746855,0.2835145340588339,0.24803115719743604,0.4271413415632808,0.15978174797385397,0.0023435355568239133,0.37224772548000695,0.09253822550552408,0.06128957499381836,0.24654515560353632,0.192602247703558,0.1296226647454777,0.24576000064764653,0.39109466623251177,0.4584092958185232,0.42529321591341684,0.15167992271532146,0.32341741719672623,0.3244744387759426,0.42400339496691153,0.16080843391897284,0.3638305982857601,0.18499681654274336,0.19443577981421573,0.3651212120112867,0.39361880339992206,0.4458901771782517,0.29612323289064413,0.23036554186873434,0.19244810858398798,0.14718028011372625,0.19074147500016775,0.49326172998874757,0.3347438148314638,0.5092065197085287
208776,0.12919546421924616,0.1525631932185214,0.20088608645104328,0.1101261222002668,0.22704559010505757,0.18847027502578767,0.1234969690605139,0.3528796814456325,0.06615094761648674,0.07021809507536311,0.32978467517295407,0.050112471706441925,0.018269721542869485,0.1305192417548849,0.16620406270391275,-0.022879989580296713,0.180023390410063,0.14542599876935094,0.19638277512508107,0.05935789368411125,0.049539124837363654,0.19298082775455902,0.1611992356397657,0.16798096001049642,0.1477900099916206,0.08978403323561557,0.06478301332073089,0.1503579873154475,0.17825606649205697,0.1904485915469895,0.13730754030606804,0.12080958234698462,0.13290770029750684,0.13857977907206054,0.16080843391897284,1.0000000000000004,0.16312120940337474,0.31585712390540877,0.6736037896519296,0.1255782883275501,0.17492577039315205,0.18546746743500805,0.14357707483574822,0.10940269970502607,0.12581622232507517,0.3039430987978517,0.30295149925438836,0.2405576424191671,0.149410920412867,0.19988864450141397
208777,0.3592171261542779,0.39361194645468356,0.43935995195351524,0.37990958322089774,0.3816226419850749,0.45638103452890544,0.3050179169029858,0.33636617695857346,0.28909717596876205,0.23040585302835656,0.25950216354371985,0.287732337037707,0.14776723802342337,0.1454461610820368,0.1569189341879496,0.11859715027207675,0.2525670756918073,0.24897007334367743,0.408403746630864,0.170304574803866,0.026706345980590896,0.3407751538214622,0.09770906861354631,0.0926474259703979,0.21804317799492162,0.18292139529774162,0.1302521794924291,0.218390727021511,0.35055827828378316,0.4116581533398188,0.3960162918527513,0.1718544853830605,0.292696697071911,0.2938076228204208,0.36383059828575987,0.16312120940337474,0.41671178176844614,0.21486360754869543,0.2093547658322395,0.327278987644322,0.3713260995485494,0.41449218572191004,0.2781926110864708,0.19956507005494015,0.19732936033500237,0.15742080799757172,0.19363515013061622,0.46229619870829364,0.3251554052604836,0.47710719226570547
209136,0.15299054903918066,0.23354083931732417,0.2615021380348929,0.2276592426476565,0.21839908680884249,0.2745976216562694,0.20933122404266868,0.24433319347439275,0.1333376972607804,0.0940400520771784,0.24860956255184952,0.14850021494450724,0.15247646973843823,0.09519859369996041,0.16757262561339728,0.10911938751876088,0.2081232226159133,0.15579979421534204,0.23310905781215707,0.1052770174845617,0.03176629155541379,0.24678523706161956,0.13007960802158314,0.1416544320457733,0.21222475937268345,0.1699896800210953,0.05629471278639009,0.21727576068119228,0.19179054240090473,0.21453486577000294,0.17812007118317297,0.08475809616433257,0.1664567613842922,0.16578239865994132,0.18499681654274336,0.31585712390540877,0.2148636075486954,0.5620643589474951,0.2986461111476499,0.17066275482948287,0.23684869760676477,0.24550102195693438,0.19246519977111873,0.11120078639448903,0.051210135224104225,0.24408442613157458,0.2668731732142582,0.2878120144429453,0.1930059316090639,0.25439198452073136
209176,0.15423224245865513,0.183247497853578,0.24051879004594623,0.15519717731977867,0.23631300968549923,0.24941735459511016,0.15078715988458952,0.3063046908606047,0.08066115734293144,0.0895906682527807,0.3599721451055555,0.09476680852523643,0.05580736373156483,0.09922570311508036,0.16225372476018068,0.02020240653621534,0.18780597428927293,0.17606070185440836,0.23911351448624446,0.06561058424219748,-0.015681041736933334,0.2113279570813504,0.07285731227882639,0.12375687332975649,0.1606294327210273,0.1026603478931624,0.021170929065501998,0.16755417147060347,0.18825993850894257,0.21077860575736798,0.18123598421850068,0.08209392152430564,0.13083663651598154,0.13588809457678452,0.19443577981421573,0.6736037896519296,0.2093547658322395,0.2986461111476499,0.688334229558862,0.1590991224023243,0.20380609655727966,0.22274860743406077,0.15571068392588122,0.12503128113968537,0.1458821069795569,0.28667732366232024,0.3002941015144823,0.2817872251294762,0.14945075383605116,0.23598002644265165
209266,0.3741040416507112,0.4141999665456012,0.48553116344887026,0.4045431162661054,0.4248901798237127,0.48341904507193123,0.323841552209288,0.29939805636871464,0.3270566589881511,0.28345142312660043,0.22016132194179927,0.34830814836488005,0.18071502299443137,0.1349751448771891,0.14687632689525834,0.14696041336803614,0.26479764653800264,0.23084312968284243,0.42238358086938776,0.1623803474270396,-0.01058348399253092,0.37719394830465064,0.038976097345717844,0.06714873751320014,0.2259158616049915,0.18380870151191073,0.16465156660672933,0.22574154994279017,0.35171144741302196,0.4228395094060886,0.39367148021933335,0.13549654211484302,0.30617046153753735,0.30926464770767503,0.3651212120112866,0.1255782883275501,0.327278987644322,0.17066275482948284,0.1590991224023243,0.4153758649339377,0.39785544969974884,0.4434154222286256,0.30473566513141653,0.264860474305827,0.16569985141251223,0.124256918991318,0.16399234990722183,0.5040893665081119,0.32139718847194787,0.485995695729238
209385,0.41793768635590206,0.4921975728389952,0.5432187394940873,0.4487734231975227,0.47587567827902294,0.547715437737217,0.34118569352406836,0.3819478501271292,0.334195105369498,0.31917232230619375,0.27505572931735395,0.36061551414452003,0.20862196567527533,0.16356143898983241,0.1693358201697385,0.16091481533132296,0.3072040454324836,0.25853148647870783,0.46034827771337855,0.16185794881004523,-0.021165645127996086,0.39537676858327403,0.08893906768723478,0.11968335559976286,0.26244030521432055,0.2102318419501152,0.16502379387629215,0.26463468896152115,0.39822869219559665,0.47137719734508415,0.41261440417586664,0.18167427292163507,0.34773517573369195,0.3457661500279096,0.39361880339992195,0.17492577039315205,0.37132609954854917,0.23684869760676477,0.20380609655727963,0.39785544969974906,0.4826617247337852,0.5303104068488234,0.34332875975722915,0.2824294716430896,0.20172733427703718,0.17087666822515746,0.22073317999614783,0.5575269773446797,0.3652417164698748,0.5343148976794613
209491,0.47213432674715566,0.5518977401716824,0.6001342937623706,0.49617416675374576,0.5267480333116598,0.605749861715281,0.38445611619270464,0.41603864903421117,0.36899312295608283,0.3489987119801297,0.30565803114577716,0.3924030579950664,0.23224233632283406,0.1790761548648238,0.18474119898410227,0.18330963851260254,0.3378705781545698,0.29684618487256265,0.5177832501941534,0.17906689308045728,-0.026984857261517965,0.4380293322291855,0.08593817919433429,0.12388090336325695,0.29413290232821193,0.2370293157661304,0.17780258747683703,0.2958028880565012,0.44974765287120716,0.5333029840100889,0.4666910802876663,0.19559105015293288,0.39005977744422504,0.38950020890333786,0.4458901771782518,0.18546746743500805,0.4144921857219101,0.24550102195693432,0.2227486074340607,0.4434154222286258,0.5303104068488232,0.5956288069307083,0.3809269165695996,0.3153886797594602,0.2258100714478769,0.17711247729229634,0.23489017569674445,0.6157153690269308,0.40571015399762245,0.6004673294450236
209506,0.31219695634764866,0.3544564780186845,0.39971524895334176,0.32189228476353393,0.34574514235182785,0.4011399769428982,0.253559949580157,0.3026883351213631,0.2540263185719945,0.2303699478633002,0.20228673649468157,0.26133965102870355,0.1372994075960103,0.11818387348543002,0.1264567642491953,0.11436549860577694,0.2231476676734696,0.19692049514925267,0.3414561704812655,0.11481910532898781,0.010465274931472979,0.29464965551750355,0.08678636869809915,0.08131779557672308,0.19357035041153467,0.15423508335321762,0.12181329758082636,0.19707949048595919,0.2913999313866385,0.34487770750106056,0.3103571064075428,0.11644075518286606,0.2538794505756088,0.25428427786037,0.29612323289064413,0.14357707483574822,0.27819261108647075,0.19246519977111873,0.15571068392588125,0.3047356651314164,0.3433287597572292,0.38092691656959965,0.2876769399302245,0.20649016447895632,0.1495529407197038,0.10816152320791604,0.14628550213494182,0.4126565147090559,0.2739895080955287,0.40219043957679285
222031,0.27283218763626893,0.3006663801009767,0.3406111784884876,0.26920963263442194,0.27578948982256446,0.3312411094615195,0.22579577304556922,0.23048277703255998,0.2200682467674724,0.2049814886393222,0.1260744399292005,0.23174676127083804,0.14355578435992908,0.09171263132175547,0.10764439271995094,0.11972131755327299,0.19228653455964878,0.1482541737931208,0.3028803237205996,0.10935503833567023,-0.02937800159970422,0.25157867791173977,0.040378437188792825,0.07629772966810609,0.18053570345468464,0.12394733472230135,0.1153292439916348,0.18047198309952725,0.22620547871452973,0.26969158128354714,0.24076802038548306,0.12433310528617844,0.22064431575726645,0.22417720362867732,0.23036554186873437,0.10940269970502607,0.19956507005494012,0.11120078639448903,0.12503128113968534,0.2648604743058271,0.28242947164308957,0.31538867975946033,0.20649016447895635,0.2752278250702278,0.11394310328218518,0.12310832439570986,0.15483034470484638,0.34097476970937063,0.21926150227011687,0.3210758542992085
222044,0.1814679093929431,0.1943960087710228,0.2514834880480377,0.17393325679016208,0.1957580847702981,0.2527538836445918,0.16246027829343107,0.20580968670041558,0.1580503742099003,0.12450357128460965,0.09477192210982738,0.12218742651156331,0.039923560569178854,0.09434815370470488,0.06451256237368398,0.04047301953389586,0.13039845243886097,0.13143165462211545,0.20556816839126296,0.06475150707701773,0.011401086575894167,0.16961581202962786,0.04451551695895813,0.057249883744952046,0.08468999731594033,0.07539342817212136,0.06171476891644798,0.08145463174965005,0.1892887932024192,0.224770483356562,0.2038739714150966,0.1317300329857682,0.15245263104326692,0.1528783719617351,0.19244810858398798,0.12581622232507517,0.19732936033500237,0.051210135224104225,0.14588210697955686,0.1656998514125121,0.20172733427703715,0.22581007144787693,0.14955294071970376,0.11394310328218517,0.2809316601381688,0.0390316398668858,0.06580299788878931,0.2669564895452004,0.1608783045977816,0.24755078476197379
222053,0.09513861058804626,0.1609183704329705,0.19372495326828032,0.16023302501800835,0.1649184998827147,0.19489286041136045,0.12988879583440927,0.16433990869694814,0.08361259248879302,0.09529927024328566,0.27903048674955233,0.12472440300048661,0.11123543445420835,0.06492308205636957,0.1498851775029243,0.07943982460563948,0.1825606767448667,0.13445266730483224,0.19517688401318112,0.11932252327588797,0.03728438429084292,0.1684616414624115,0.09778326935232017,0.1292714499962601,0.17941481415147326,0.11384150275466529,0.018623832240925106,0.1805953695448923,0.14258184229302032,0.15621530797459257,0.13470227189619755,0.0489867312874001,0.13805343177520665,0.13737982448316516,0.14718028011372625,0.3039430987978517,0.15742080799757174,0.2440844261315746,0.2866773236623203,0.12425691899131806,0.17087666822515746,0.17711247729229637,0.10816152320791605,0.12310832439570987,0.039031639866885806,0.41369714926698353,0.4125994810900693,0.22556081128277733,0.14743108833020768,0.19118057928881443
222054,0.14107404892120645,0.21030260378109708,0.24841157375226774,0.20877442088583634,0.20502198462839802,0.2522519573157197,0.1615551326032596,0.20100487117240534,0.11610363290873492,0.12925152549957034,0.2784943121310568,0.15667954561256575,0.14284621638444703,0.08027847271175184,0.1663037729047096,0.09637418005052825,0.21484251678764996,0.16512571634913698,0.24401073679449534,0.13724092192688814,0.02884113242077003,0.2033314837598515,0.10000869693105811,0.14243627497557687,0.2110238850780452,0.13878111875573218,0.02746473140908994,0.21147522750166461,0.17996395359246647,0.2014616187560695,0.17275718133250262,0.06252754284425417,0.17035858881856794,0.16934808236769855,0.1907414750001677,0.30295149925438836,0.1936351501306162,0.2668731732142582,0.3002941015144823,0.16399234990722186,0.22073317999614794,0.2348901756967445,0.14628550213494182,0.15483034470484638,0.0658029978887893,0.4125994810900693,0.42987307758967575,0.27864125820302044,0.18962784027150298,0.24798697738754683
222078,0.4969444778938559,0.5738075889693182,0.6733611977960492,0.5380868301250791,0.5849183901092437,0.6742033231343657,0.4381946463354691,0.44824126566436134,0.40620519529049004,0.38981562042229195,0.341893095825206,0.435013484881029,0.24845516088713385,0.2004782059520806,0.2159929741010963,0.19572922516214594,0.37839125835507414,0.3206029615723624,0.5690688396580408,0.19968875895524418,-0.008904817668652802,0.4956875122637643,0.11050989023953468,0.1362884148104204,0.3281577861899559,0.25251665195090495,0.1958760189744198,0.3288848493127447,0.4770685741917252,0.5697592067970187,0.5197541566019663,0.21261051381425583,0.4258528059700387,0.4259530072034162,0.4932617299887477,0.2405576424191671,0.46229619870829375,0.2878120144429453,0.2817872251294762,0.5040893665081118,0.5575269773446796,0.6157153690269306,0.4126565147090559,0.34097476970937063,0.26695648954520046,0.22556081128277727,0.27864125820302044,0.7055445735829979,0.4348756352326444,0.6531437408590592
222079,0.34515864828267795,0.38110343140307684,0.42436323091328815,0.35961787429377323,0.36490296237359876,0.4272209490489587,0.29908018791847885,0.3052855065696272,0.28103842183354805,0.2549701187532484,0.2291758973339263,0.29065070919632247,0.1946665111988586,0.14031880337371802,0.14579831184761816,0.1385153967413247,0.2518500407883171,0.22813025152682878,0.37642438449677545,0.15758079176810902,0.021607973916044337,0.33446303966251056,0.055693852477978284,0.10925176524245538,0.21220318135949967,0.18404796667604348,0.13439905787460493,0.21297675726869694,0.3263797290833283,0.3863717056366259,0.34712239974555215,0.17307777416705197,0.28628857550891357,0.2899086364151642,0.3347438148314639,0.149410920412867,0.32515540526048353,0.1930059316090639,0.14945075383605116,0.32139718847194776,0.3652417164698749,0.4057101539976226,0.27398950809552863,0.21926150227011698,0.16087830459778166,0.1474310883302077,0.18962784027150298,0.4348756352326444,0.3509863369783315,0.447612592603055
232847,0.49937983708338485,0.5638654616817091,0.626950346063707,0.5221559527496249,0.5473365929024367,0.6365061820991565,0.42756082858666206,0.4265172753219211,0.4042666001437643,0.36879347082302205,0.37385445123459893,0.4162792649726085,0.2294653840068193,0.1892770359128167,0.20523460726194526,0.21044361382178986,0.36772710251996477,0.32666769536901596,0.5593630399650539,0.21650569506143105,-0.0047834626308719715,0.4804493874520107,0.10277994600070502,0.10907464958258488,0.32993228670704633,0.25884122559080947,0.19161331140339866,0.3312447919526469,0.5089045816987932,0.6017044779680953,0.5432763183663367,0.20429479277731694,0.42146939533480227,0.4224951196306363,0.5092065197085286,0.19988864450141397,0.4771071922657054,0.2543919845207314,0.23598002644265167,0.4859956957292378,0.5343148976794615,0.6004673294450236,0.4021904395767929,0.3210758542992085,0.24755078476197379,0.1911805792888144,0.24798697738754683,0.6531437408590592,0.447612592603055,0.6799058285282201
